USE golf;

INSERT INTO Course (name, country, city, rating, slope) VALUES
    ('Pebble Beach', 'United States', 'Monterey', 73.3, 140),
    ('Timanogos', 'United States', 'Provo', NULL, NULL),
    ('Santa Teresa', 'United States', 'San Jose', 72.1, 122),
    ('Saint Andrews', 'Scotland', 'St Andrews', 75.6, 143);

INSERT INTO Hole (course_id, hole_number, par, length) VALUES
    (1,  1, 4, 380),
    (1,  2, 5, 520),
    (1,  3, 4, 395),
    (1,  4, 4, 330),
    (1,  5, 3, 190),
    (1,  6, 5, 505),
    (1,  7, 3, 110),
    (1,  8, 4, 440),
    (1,  9, 4, 430),
    (1, 10, 4, 445),
    (1, 11, 4, 380),
    (1, 12, 3, 200),
    (1, 13, 4, 405),
    (1, 14, 5, 545),
    (1, 15, 4, 400),
    (1, 16, 4, 405),
    (1, 17, 3, 175),
    (1, 18, 5, 545),

    (2,  1, 4, 390),
    (2,  2, 4, 415),
    (2,  3, 5, 525),
    (2,  4, 3, 175),
    (2,  5, 4, 410),
    (2,  6, 4, 365),
    (2,  7, 3, 185),
    (2,  8, 5, 540),
    (2,  9, 4, 440),
    (2, 10, 4, 405),
    (2, 11, 4, 395),
    (2, 12, 3, 195),
    (2, 13, 4, 430),
    (2, 14, 5, 555),
    (2, 15, 4, 360),
    (2, 16, 4, 420),
    (2, 17, 3, 170),
    (2, 18, 4, 445),

    (3, 1, 3, 125),
    (3, 2, 3, 155),
    (3, 3, 3, 110),
    (3, 4, 3, 145),
    (3, 5, 3, 135),
    (3, 6, 3, 160),
    (3, 7, 3, 95),
    (3, 8, 3, 140),
    (3, 9, 3, 120),

    (4,  1, 4, 375),
    (4,  2, 4, 405),
    (4,  3, 4, 395),
    (4,  4, 4, 455),
    (4,  5, 5, 535),
    (4,  6, 4, 415),
    (4,  7, 4, 375),
    (4,  8, 3, 180),
    (4,  9, 4, 350),
    (4, 10, 4, 355),
    (4, 11, 3, 170),
    (4, 12, 4, 345),
    (4, 13, 4, 460),
    (4, 14, 5, 555),
    (4, 15, 4, 465),
    (4, 16, 4, 420),
    (4, 17, 4, 495),
    (4, 18, 4, 360);

INSERT INTO `Match` (course_id, name) VALUES
    (1, 'Pebble Beach Summer Classic'),
    (2, 'Timanogos Open Championship'),
    (3, 'Santa Teresa Par 3 Scramble'),
    (4, 'St Andrews Invitational');

INSERT INTO Brand (name) VALUES
    ('Callaway'),
    ('Titleist'),
    ('TaylorMade'),
    ('Nike'),
    ('Tommy Armour');

INSERT INTO GolfBag (brand_id) VALUES
    (1),
    (1),
    (1),
    (1),
    (2),
    (2),
    (2),
    (2),
    (3),
    (3),
    (3),
    (3),
    (4),
    (4),
    (4),
    (4),
    (5),
    (5),
    (5),
    (5);

INSERT INTO GolfClub (bag_id, brand_id, loft, type) VALUES
    (1, 1, NULL, 'Wood'),
    (1, 1, NULL, 'Wood'),
    (1, 1, 5, 'Iron'),
    (1, 1, 6, 'Iron'),
    (1, 1, 7, 'Iron'),
    (1, 1, 8, 'Iron'),
    (1, 1, 9, 'Iron'),
    (1, 1, 48, 'Iron'),
    (1, 1, 56, 'Iron'),
    (1, 1, NULL, 'Putter'),

    (2, 1, NULL, 'Wood'),
    (2, 1, NULL, 'Hybrid'),
    (2, 1, 5, 'Iron'),
    (2, 1, 6, 'Iron'),
    (2, 1, 7, 'Iron'),
    (2, 1, 8, 'Iron'),
    (2, 1, 9, 'Iron'),
    (2, 2, 52, 'Iron'),
    (2, 1, 58, 'Iron'),
    (2, 1, NULL, 'Putter'),

    (3, 1, NULL, 'Wood'),
    (3, 1, NULL, 'Wood'),
    (3, 1, 5, 'Iron'),
    (3, 1, 6, 'Iron'),
    (3, 1, 7, 'Iron'),
    (3, 1, 8, 'Iron'),
    (3, 1, 9, 'Iron'),
    (3, 1, 50, 'Iron'),
    (3, 1, 56, 'Iron'),
    (3, 1, NULL, 'Putter'),

    (4, 1, NULL, 'Wood'),
    (4, 1, NULL, 'Wood'),
    (4, 1, 5, 'Iron'),
    (4, 1, 6, 'Iron'),
    (4, 1, 7, 'Iron'),
    (4, 1, 8, 'Iron'),
    (4, 1, 9, 'Iron'),
    (4, 1, 48, 'Iron'),
    (4, 1, 54, 'Iron'),
    (4, 5, NULL, 'Putter'),

    (5, 2, NULL, 'Wood'),
    (5, 2, NULL, 'Wood'),
    (5, 2, 5, 'Iron'),
    (5, 2, 6, 'Iron'),
    (5, 2, 7, 'Iron'),
    (5, 2, 8, 'Iron'),
    (5, 2, 9, 'Iron'),
    (5, 2, 48, 'Iron'),
    (5, 2, 56, 'Iron'),
    (5, 2, NULL, 'Putter'),

    (6, 2, NULL, 'Wood'),
    (6, 2, NULL, 'Hybrid'),
    (6, 2, NULL, 'Hybrid'),
    (6, 2, 5, 'Iron'),
    (6, 2, 6, 'Iron'),
    (6, 2, 7, 'Iron'),
    (6, 2, 8, 'Iron'),
    (6, 2, 9, 'Iron'),
    (6, 2, 52, 'Iron'),
    (6, 2, NULL, 'Putter'),

    (7, 2, NULL, 'Wood'),
    (7, 2, NULL, 'Wood'),
    (7, 2, 5, 'Iron'),
    (7, 2, 6, 'Iron'),
    (7, 2, 7, 'Iron'),
    (7, 2, 8, 'Iron'),
    (7, 2, 9, 'Iron'),
    (7, 3, 50, 'Iron'),
    (7, 2, 56, 'Iron'),
    (7, 2, NULL, 'Putter'),

    (8, 2, NULL, 'Wood'),
    (8, 2, NULL, 'Wood'),
    (8, 2, 5, 'Iron'),
    (8, 2, 6, 'Iron'),
    (8, 2, 7, 'Iron'),
    (8, 2, 8, 'Iron'),
    (8, 2, 9, 'Iron'),
    (8, 2, 48, 'Iron'),
    (8, 2, 60, 'Iron'),
    (8, 2, NULL, 'Putter'),

    (9, 3, NULL, 'Wood'),
    (9, 3, NULL, 'Wood'),
    (9, 3, 5, 'Iron'),
    (9, 3, 6, 'Iron'),
    (9, 3, 7, 'Iron'),
    (9, 3, 8, 'Iron'),
    (9, 3, 9, 'Iron'),
    (9, 3, 48, 'Iron'),
    (9, 3, 56, 'Iron'),
    (9, 3, NULL, 'Putter'),

    (10, 3, NULL, 'Wood'),
    (10, 3, NULL, 'Hybrid'),
    (10, 3, 5, 'Iron'),
    (10, 3, 6, 'Iron'),
    (10, 3, 7, 'Iron'),
    (10, 3, 8, 'Iron'),
    (10, 3, 9, 'Iron'),
    (10, 3, 52, 'Iron'),
    (10, 5, NULL, 'Putter'),

    (11, 3, NULL, 'Wood'),
    (11, 3, NULL, 'Wood'),
    (11, 3, 5, 'Iron'),
    (11, 3, 6, 'Iron'),
    (11, 3, 7, 'Iron'),
    (11, 3, 8, 'Iron'),
    (11, 3, 9, 'Iron'),
    (11, 3, 50, 'Iron'),
    (11, 3, 56, 'Iron'),
    (11, 3, NULL, 'Putter'),

    (12, 2, NULL, 'Wood'),
    (12, 3, NULL, 'Wood'),
    (12, 3, 5, 'Iron'),
    (12, 3, 6, 'Iron'),
    (12, 3, 7, 'Iron'),
    (12, 3, 8, 'Iron'),
    (12, 3, 9, 'Iron'),
    (12, 3, 52, 'Iron'),
    (12, 3, 58, 'Iron'),
    (12, 3, NULL, 'Putter'),

    (13, 4, NULL, 'Wood'),
    (13, 4, NULL, 'Wood'),
    (13, 4, 5, 'Iron'),
    (13, 4, 6, 'Iron'),
    (13, 4, 7, 'Iron'),
    (13, 4, 8, 'Iron'),
    (13, 4, 9, 'Iron'),
    (13, 4, 48, 'Iron'),
    (13, 4, 56, 'Iron'),
    (13, 4, NULL, 'Putter'),

    (14, 4, NULL, 'Wood'),
    (14, 4, NULL, 'Hybrid'),
    (14, 4, NULL, 'Hybrid'),
    (14, 4, 6, 'Iron'),
    (14, 4, 7, 'Iron'),
    (14, 4, 8, 'Iron'),
    (14, 4, 9, 'Iron'),
    (14, 4, 50, 'Iron'),
    (14, 4, NULL, 'Putter'),

    (15, 4, NULL, 'Wood'),
    (15, 4, NULL, 'Wood'),
    (15, 4, 5, 'Iron'),
    (15, 4, 6, 'Iron'),
    (15, 4, 7, 'Iron'),
    (15, 4, 8, 'Iron'),
    (15, 4, 9, 'Iron'),
    (15, 2, 52, 'Iron'),
    (15, 4, 58, 'Iron'),
    (15, 4, NULL, 'Putter'),

    (16, 4, NULL, 'Wood'),
    (16, 4, NULL, 'Wood'),
    (16, 4, 5, 'Iron'),
    (16, 4, 6, 'Iron'),
    (16, 4, 7, 'Iron'),
    (16, 4, 8, 'Iron'),
    (16, 4, 9, 'Iron'),
    (16, 4, 48, 'Iron'),
    (16, 4, 54, 'Iron'),
    (16, 4, NULL, 'Putter'),

    (17, 5, NULL, 'Wood'),
    (17, 5, NULL, 'Wood'),
    (17, 5, 5, 'Iron'),
    (17, 5, 6, 'Iron'),
    (17, 5, 7, 'Iron'),
    (17, 5, 8, 'Iron'),
    (17, 5, 9, 'Iron'),
    (17, 5, 48, 'Iron'),
    (17, 5, 56, 'Iron'),
    (17, 5, NULL, 'Putter'),

    (18, 3, NULL, 'Wood'),
    (18, 5, NULL, 'Hybrid'),
    (18, 5, 5, 'Iron'),
    (18, 5, 6, 'Iron'),
    (18, 5, 7, 'Iron'),
    (18, 5, 8, 'Iron'),
    (18, 5, 9, 'Iron'),
    (18, 5, 50, 'Iron'),
    (18, 5, 58, 'Iron'),
    (18, 5, NULL, 'Putter'),

    (19, 5, NULL, 'Wood'),
    (19, 5, 5, 'Iron'),
    (19, 5, 6, 'Iron'),
    (19, 5, 7, 'Iron'),
    (19, 5, 8, 'Iron'),
    (19, 5, 9, 'Iron'),
    (19, 5, 48, 'Iron'),
    (19, 5, 56, 'Iron'),
    (19, 5, NULL, 'Putter'),

    (20, 5, NULL, 'Wood'),
    (20, 5, NULL, 'Wood'),
    (20, 5, NULL, 'Hybrid'),
    (20, 5, 5, 'Iron'),
    (20, 5, 6, 'Iron'),
    (20, 5, 7, 'Iron'),
    (20, 5, 8, 'Iron'),
    (20, 5, 9, 'Iron'),
    (20, 5, 52, 'Iron'),
    (20, 5, NULL, 'Putter');

INSERT INTO GolfBall (bag_id, brand_id, number, softness) VALUES
    (1, 1, 1, 'Soft'),
    (1, 1, 3, 'Soft'),
    (1, 1, 2, 'Super soft'),
    (1, 1, 5, 'Super soft'),

    (2, 1, 0, 'Soft'),
    (2, 1, 4, 'Soft'),
    (2, 1, 6, 'Super soft'),

    (3, 1, 2, 'Soft'),
    (3, 1, 5, 'Soft'),
    (3, 1, 1, 'Super soft'),
    (3, 1, 3, 'Super soft'),

    (4, 1, 6, 'Soft'),
    (4, 1, 0, 'Soft'),
    (4, 1, 2, 'Super soft'),

    (5, 2, 1, 'Hard'),
    (5, 2, 2, 'Hard'),
    (5, 2, 4, 'Soft'),
    (5, 2, 6, 'Soft'),

    (6, 2, 0, 'Hard'),
    (6, 2, 3, 'Hard'),
    (6, 2, 5, 'Soft'),

    (7, 2, 2, 'Hard'),
    (7, 2, 4, 'Hard'),
    (7, 2, 1, 'Soft'),
    (7, 2, 6, 'Soft'),

    (8, 2, 3, 'Hard'),
    (8, 2, 5, 'Hard'),
    (8, 2, 0, 'Soft'),

    (9, 3, 1, 'Soft'),
    (9, 3, 2, 'Soft'),
    (9, 3, 4, 'Super soft'),
    (9, 3, 6, 'Super soft'),

    (10, 3, 0, 'Soft'),
    (10, 3, 3, 'Soft'),
    (10, 3, 5, 'Super soft'),

    (11, 3, 2, 'Super soft'),
    (11, 3, 4, 'Super soft'),
    (11, 3, 1, 'Ultra soft'),
    (11, 3, 6, 'Ultra soft'),

    (12, 3, 3, 'Soft'),
    (12, 3, 5, 'Soft'),
    (12, 3, 0, 'Super soft'),

    (13, 4, 1, 'Hard'),
    (13, 4, 2, 'Hard'),
    (13, 4, 4, 'Soft'),
    (13, 4, 6, 'Soft'),

    (14, 4, 0, 'Hard'),
    (14, 4, 3, 'Hard'),
    (14, 4, 5, 'Soft'),

    (15, 4, 2, 'Hard'),
    (15, 4, 4, 'Hard'),
    (15, 4, 1, 'Soft'),
    (15, 4, 6, 'Soft'),

    (16, 4, 3, 'Hard'),
    (16, 4, 5, 'Hard'),
    (16, 4, 0, 'Soft'),

    (17, 5, 1, 'Soft'),
    (17, 5, 2, 'Soft'),
    (17, 5, 4, 'Super soft'),
    (17, 5, 6, 'Super soft'),

    (18, 5, 0, 'Soft'),
    (18, 5, 3, 'Soft'),
    (18, 5, 5, 'Super soft'),

    (19, 5, 2, 'Soft'),
    (19, 5, 4, 'Soft'),
    (19, 5, 1, 'Super soft'),
    (19, 5, 6, 'Super soft'),

    (20, 5, 3, 'Super soft'),
    (20, 5, 5, 'Super soft'),
    (20, 5, 0, 'Ultra soft');

INSERT INTO Player (golf_bag_id, first_name, last_name, team, handicap, handedness) VALUES
    (1, 'Ethan', 'Brooks', 'Red', 4.3, 'Right'),
    (2, 'Ava', 'Garcia', 'Red', 12.7, 'Left'),
    (3, 'Liam', 'Carter', 'Red', 6.8, 'Right'),
    (4, 'Mia', 'Harris', 'Red', 18.2, 'Right'),
    (5, 'Noah', 'Diaz', 'Red', 2.5, 'Right'),
    (6, 'Zoe', 'Jensen', 'Red', 15.4, 'Left'),
    (7, 'Mason', 'Ellis', 'Red', 9.1, 'Right'),
    (8, 'Lily', 'Kim', 'Red', 21.6, 'Left'),
    (9, 'Jack', 'Foster', 'Red', 1.2, 'Right'),
    (10, 'Nora', 'Lee', 'Red', 11.0, 'Left'),
    (11, 'Oliver', 'Moore', 'Blue', 5.6, 'Right'),
    (12, 'Emma', 'Rivera', 'Blue', 13.9, 'Left'),
    (13, 'Henry', 'Nguyen', 'Blue', 7.4, 'Right'),
    (14, 'Sophia', 'Scott', 'Blue', 19.7, 'Right'),
    (15, 'Lucas', 'Ortiz', 'Blue', 3.3, 'Right'),
    (16, 'Grace', 'Turner', 'Blue', 16.1, 'Left'),
    (17, 'James', 'Patel', 'Blue', 8.5, 'Right'),
    (18, 'Chloe', 'Underwood', 'Blue', 22.4, 'Left'),
    (19, 'William', 'Quinn', 'Blue', 0.4, 'Right'),
    (20, 'Isla', 'Vargas', 'Blue', 10.2, 'Left');

INSERT INTO Scorecard (match_id, player_id) VALUES
    (1, 1), (1, 2), (1, 3), (1, 4), (1, 5), (1, 6), (1, 7), (1, 8), (1, 9), (1, 10),
    (1, 11), (1, 12), (1, 13), (1, 14), (1, 15), (1, 16), (1, 17), (1, 18), (1, 19), (1, 20),

    (2, 1), (2, 2), (2, 3), (2, 4), (2, 5), (2, 6), (2, 7), (2, 8), (2, 9), (2, 10),
    (2, 11), (2, 12), (2, 13), (2, 14), (2, 15), (2, 16), (2, 17), (2, 18), (2, 19), (2, 20),

    (3, 1), (3, 2), (3, 3), (3, 4), (3, 5), (3, 6), (3, 7), (3, 8), (3, 9), (3, 10),
    (3, 11), (3, 12), (3, 13), (3, 14), (3, 15), (3, 16), (3, 17), (3, 18), (3, 19), (3, 20),

    (4, 1), (4, 2), (4, 3), (4, 4), (4, 5), (4, 6), (4, 7), (4, 8), (4, 9), (4, 10),
    (4, 11), (4, 12), (4, 13), (4, 14), (4, 15), (4, 16), (4, 17), (4, 18), (4, 19), (4, 20);

INSERT INTO ScoreCardEntry (match_id, player_id, course_id, hole_number, score) VALUES
    (1, 1, 1, 1, 4), (1, 1, 1, 2, 5), (1, 1, 1, 3, 4), (1, 1, 1, 4, 4), (1, 1, 1, 5, 3), (1, 1, 1, 6, 5), (1, 1, 1, 7, 3), (1, 1, 1, 8, 4), (1, 1, 1, 9, 4),
    (1, 1, 1, 10, 4), (1, 1, 1, 11, 4), (1, 1, 1, 12, 3), (1, 1, 1, 13, 4), (1, 1, 1, 14, 5), (1, 1, 1, 15, 4), (1, 1, 1, 16, 4), (1, 1, 1, 17, 3), (1, 1, 1, 18, 5),
    (1, 2, 1, 1, 5), (1, 2, 1, 2, 6), (1, 2, 1, 3, 5), (1, 2, 1, 4, 4), (1, 2, 1, 5, 4), (1, 2, 1, 6, 6), (1, 2, 1, 7, 4), (1, 2, 1, 8, 5), (1, 2, 1, 9, 5),
    (1, 2, 1, 10, 5), (1, 2, 1, 11, 5), (1, 2, 1, 12, 4), (1, 2, 1, 13, 5), (1, 2, 1, 14, 6), (1, 2, 1, 15, 5), (1, 2, 1, 16, 5), (1, 2, 1, 17, 4), (1, 2, 1, 18, 6),
    (1, 3, 1, 1, 4), (1, 3, 1, 2, 5), (1, 3, 1, 3, 4), (1, 3, 1, 4, 4), (1, 3, 1, 5, 3), (1, 3, 1, 6, 5), (1, 3, 1, 7, 3), (1, 3, 1, 8, 4), (1, 3, 1, 9, 4),
    (1, 3, 1, 10, 4), (1, 3, 1, 11, 4), (1, 3, 1, 12, 3), (1, 3, 1, 13, 4), (1, 3, 1, 14, 5), (1, 3, 1, 15, 4), (1, 3, 1, 16, 4), (1, 3, 1, 17, 3), (1, 3, 1, 18, 5),
    (1, 4, 1, 1, 6), (1, 4, 1, 2, 6), (1, 4, 1, 3, 5), (1, 4, 1, 4, 5), (1, 4, 1, 5, 4), (1, 4, 1, 6, 6), (1, 4, 1, 7, 4), (1, 4, 1, 8, 5), (1, 4, 1, 9, 6),
    (1, 4, 1, 10, 5), (1, 4, 1, 11, 5), (1, 4, 1, 12, 4), (1, 4, 1, 13, 5), (1, 4, 1, 14, 6), (1, 4, 1, 15, 5), (1, 4, 1, 16, 5), (1, 4, 1, 17, 4), (1, 4, 1, 18, 6),
    (1, 5, 1, 1, 3), (1, 5, 1, 2, 5), (1, 5, 1, 3, 4), (1, 5, 1, 4, 4), (1, 5, 1, 5, 3), (1, 5, 1, 6, 5), (1, 5, 1, 7, 2), (1, 5, 1, 8, 4), (1, 5, 1, 9, 4),
    (1, 5, 1, 10, 4), (1, 5, 1, 11, 4), (1, 5, 1, 12, 3), (1, 5, 1, 13, 4), (1, 5, 1, 14, 5), (1, 5, 1, 15, 4), (1, 5, 1, 16, 4), (1, 5, 1, 17, 3), (1, 5, 1, 18, 5),
    (1, 6, 1, 1, 5), (1, 6, 1, 2, 6), (1, 6, 1, 3, 5), (1, 6, 1, 4, 5), (1, 6, 1, 5, 4), (1, 6, 1, 6, 6), (1, 6, 1, 7, 4), (1, 6, 1, 8, 5), (1, 6, 1, 9, 5),
    (1, 6, 1, 10, 5), (1, 6, 1, 11, 5), (1, 6, 1, 12, 4), (1, 6, 1, 13, 5), (1, 6, 1, 14, 6), (1, 6, 1, 15, 5), (1, 6, 1, 16, 5), (1, 6, 1, 17, 4), (1, 6, 1, 18, 6),
    (1, 7, 1, 1, 4), (1, 7, 1, 2, 5), (1, 7, 1, 3, 4), (1, 7, 1, 4, 4), (1, 7, 1, 5, 3), (1, 7, 1, 6, 5), (1, 7, 1, 7, 3), (1, 7, 1, 8, 4), (1, 7, 1, 9, 4),
    (1, 7, 1, 10, 4), (1, 7, 1, 11, 4), (1, 7, 1, 12, 3), (1, 7, 1, 13, 4), (1, 7, 1, 14, 5), (1, 7, 1, 15, 4), (1, 7, 1, 16, 4), (1, 7, 1, 17, 3), (1, 7, 1, 18, 5),
    (1, 8, 1, 1, 5), (1, 8, 1, 2, 6), (1, 8, 1, 3, 5), (1, 8, 1, 4, 5), (1, 8, 1, 5, 4), (1, 8, 1, 6, 6), (1, 8, 1, 7, 4), (1, 8, 1, 8, 5), (1, 8, 1, 9, 5),
    (1, 8, 1, 10, 5), (1, 8, 1, 11, 5), (1, 8, 1, 12, 4), (1, 8, 1, 13, 5), (1, 8, 1, 14, 6), (1, 8, 1, 15, 5), (1, 8, 1, 16, 5), (1, 8, 1, 17, 4), (1, 8, 1, 18, 6),
    (1, 9, 1, 1, 3), (1, 9, 1, 2, 5), (1, 9, 1, 3, 4), (1, 9, 1, 4, 4), (1, 9, 1, 5, 3), (1, 9, 1, 6, 5), (1, 9, 1, 7, 2), (1, 9, 1, 8, 4), (1, 9, 1, 9, 4),
    (1, 9, 1, 10, 4), (1, 9, 1, 11, 4), (1, 9, 1, 12, 3), (1, 9, 1, 13, 4), (1, 9, 1, 14, 5), (1, 9, 1, 15, 4), (1, 9, 1, 16, 4), (1, 9, 1, 17, 3), (1, 9, 1, 18, 5),
    (1, 10, 1, 1, 5), (1, 10, 1, 2, 6), (1, 10, 1, 3, 5), (1, 10, 1, 4, 5), (1, 10, 1, 5, 4), (1, 10, 1, 6, 6), (1, 10, 1, 7, 4), (1, 10, 1, 8, 5), (1, 10, 1, 9, 5),
    (1, 10, 1, 10, 5), (1, 10, 1, 11, 5), (1, 10, 1, 12, 4), (1, 10, 1, 13, 5), (1, 10, 1, 14, 6), (1, 10, 1, 15, 5), (1, 10, 1, 16, 5), (1, 10, 1, 17, 4), (1, 10, 1, 18, 6),
    (1, 11, 1, 1, 4), (1, 11, 1, 2, 6), (1, 11, 1, 3, 4), (1, 11, 1, 4, 4), (1, 11, 1, 5, 3), (1, 11, 1, 6, 6), (1, 11, 1, 7, 3), (1, 11, 1, 8, 5), (1, 11, 1, 9, 4),
    (1, 11, 1, 10, 4), (1, 11, 1, 11, 5), (1, 11, 1, 12, 3), (1, 11, 1, 13, 4), (1, 11, 1, 14, 6), (1, 11, 1, 15, 4), (1, 11, 1, 16, 4), (1, 11, 1, 17, 3), (1, 11, 1, 18, 5),
    (1, 12, 1, 1, 5), (1, 12, 1, 2, 6), (1, 12, 1, 3, 5), (1, 12, 1, 4, 5), (1, 12, 1, 5, 4), (1, 12, 1, 6, 6), (1, 12, 1, 7, 4), (1, 12, 1, 8, 5), (1, 12, 1, 9, 5),
    (1, 12, 1, 10, 5), (1, 12, 1, 11, 5), (1, 12, 1, 12, 4), (1, 12, 1, 13, 5), (1, 12, 1, 14, 7), (1, 12, 1, 15, 5), (1, 12, 1, 16, 5), (1, 12, 1, 17, 4), (1, 12, 1, 18, 6),
    (1, 13, 1, 1, 4), (1, 13, 1, 2, 5), (1, 13, 1, 3, 4), (1, 13, 1, 4, 4), (1, 13, 1, 5, 3), (1, 13, 1, 6, 5), (1, 13, 1, 7, 3), (1, 13, 1, 8, 4), (1, 13, 1, 9, 4),
    (1, 13, 1, 10, 4), (1, 13, 1, 11, 4), (1, 13, 1, 12, 3), (1, 13, 1, 13, 4), (1, 13, 1, 14, 3), (1, 13, 1, 15, 4), (1, 13, 1, 16, 4), (1, 13, 1, 17, 2), (1, 13, 1, 18, 5),
    (1, 14, 1, 1, 6), (1, 14, 1, 2, 6), (1, 14, 1, 3, 5), (1, 14, 1, 4, 5), (1, 14, 1, 5, 4), (1, 14, 1, 6, 6), (1, 14, 1, 7, 4), (1, 14, 1, 8, 5), (1, 14, 1, 9, 5),
    (1, 14, 1, 10, 5), (1, 14, 1, 11, 5), (1, 14, 1, 12, 4), (1, 14, 1, 13, 5), (1, 14, 1, 14, 6), (1, 14, 1, 15, 5), (1, 14, 1, 16, 5), (1, 14, 1, 17, 4), (1, 14, 1, 18, 6),
    (1, 15, 1, 1, 4), (1, 15, 1, 2, 5), (1, 15, 1, 3, 4), (1, 15, 1, 4, 3), (1, 15, 1, 5, 3), (1, 15, 1, 6, 5), (1, 15, 1, 7, 3), (1, 15, 1, 8, 4), (1, 15, 1, 9, 4),
    (1, 15, 1, 10, 4), (1, 15, 1, 11, 4), (1, 15, 1, 12, 3), (1, 15, 1, 13, 4), (1, 15, 1, 14, 5), (1, 15, 1, 15, 4), (1, 15, 1, 16, 4), (1, 15, 1, 17, 3), (1, 15, 1, 18, 5),
    (1, 16, 1, 1, 5), (1, 16, 1, 2, 6), (1, 16, 1, 3, 5), (1, 16, 1, 4, 4), (1, 16, 1, 5, 4), (1, 16, 1, 6, 6), (1, 16, 1, 7, 4), (1, 16, 1, 8, 5), (1, 16, 1, 9, 5),
    (1, 16, 1, 10, 5), (1, 16, 1, 11, 5), (1, 16, 1, 12, 4), (1, 16, 1, 13, 5), (1, 16, 1, 14, 6), (1, 16, 1, 15, 5), (1, 16, 1, 16, 5), (1, 16, 1, 17, 4), (1, 16, 1, 18, 6),
    (1, 17, 1, 1, 4), (1, 17, 1, 2, 5), (1, 17, 1, 3, 4), (1, 17, 1, 4, 4), (1, 17, 1, 5, 3), (1, 17, 1, 6, 5), (1, 17, 1, 7, 3), (1, 17, 1, 8, 4), (1, 17, 1, 9, 4),
    (1, 17, 1, 10, 4), (1, 17, 1, 11, 4), (1, 17, 1, 12, 3), (1, 17, 1, 13, 4), (1, 17, 1, 14, 6), (1, 17, 1, 15, 4), (1, 17, 1, 16, 4), (1, 17, 1, 17, 3), (1, 17, 1, 18, 5),
    (1, 18, 1, 1, 6), (1, 18, 1, 2, 6), (1, 18, 1, 3, 5), (1, 18, 1, 4, 5), (1, 18, 1, 5, 4), (1, 18, 1, 6, 7), (1, 18, 1, 7, 5), (1, 18, 1, 8, 5), (1, 18, 1, 9, 5),
    (1, 18, 1, 10, 5), (1, 18, 1, 11, 6), (1, 18, 1, 12, 4), (1, 18, 1, 13, 5), (1, 18, 1, 14, 7), (1, 18, 1, 15, 5), (1, 18, 1, 16, 6), (1, 18, 1, 17, 4), (1, 18, 1, 18, 6),
    (1, 19, 1, 1, 3), (1, 19, 1, 2, 3), (1, 19, 1, 3, 4), (1, 19, 1, 4, 4), (1, 19, 1, 5, 2), (1, 19, 1, 6, 4), (1, 19, 1, 7, 2), (1, 19, 1, 8, 4), (1, 19, 1, 9, 4),
    (1, 19, 1, 10, 4), (1, 19, 1, 11, 4), (1, 19, 1, 12, 2), (1, 19, 1, 13, 4), (1, 19, 1, 14, 5), (1, 19, 1, 15, 4), (1, 19, 1, 16, 4), (1, 19, 1, 17, 3), (1, 19, 1, 18, 4),
    (1, 20, 1, 1, 4), (1, 20, 1, 2, 6), (1, 20, 1, 3, 4), (1, 20, 1, 4, 4), (1, 20, 1, 5, 3), (1, 20, 1, 6, 6), (1, 20, 1, 7, 4), (1, 20, 1, 8, 5), (1, 20, 1, 9, 4),
    (1, 20, 1, 10, 5), (1, 20, 1, 11, 5), (1, 20, 1, 12, 4), (1, 20, 1, 13, 5), (1, 20, 1, 14, 6), (1, 20, 1, 15, 5), (1, 20, 1, 16, 5), (1, 20, 1, 17, 3), (1, 20, 1, 18, 6),

    (2, 1, 2, 1, 4), (2, 1, 2, 2, 3), (2, 1, 2, 3, 6), (2, 1, 2, 4, 3), (2, 1, 2, 5, 4), (2, 1, 2, 6, 4), (2, 1, 2, 7, 3), (2, 1, 2, 8, 4), (2, 1, 2, 9, 4),
    (2, 1, 2, 10, 4), (2, 1, 2, 11, 4), (2, 1, 2, 12, 3), (2, 1, 2, 13, 4), (2, 1, 2, 14, 5), (2, 1, 2, 15, 6), (2, 1, 2, 16, 4), (2, 1, 2, 17, 5), (2, 1, 2, 18, 4),
    (2, 2, 2, 1, 4), (2, 2, 2, 2, 4), (2, 2, 2, 3, 3), (2, 2, 2, 4, 3), (2, 2, 2, 5, 4), (2, 2, 2, 6, 3), (2, 2, 2, 7, 3), (2, 2, 2, 8, 7), (2, 2, 2, 9, 6),
    (2, 2, 2, 10, 5), (2, 2, 2, 11, 3), (2, 2, 2, 12, 5), (2, 2, 2, 13, 5), (2, 2, 2, 14, 6), (2, 2, 2, 15, 4), (2, 2, 2, 16, 4), (2, 2, 2, 17, 3), (2, 2, 2, 18, 5),
    (2, 3, 2, 1, 4), (2, 3, 2, 2, 5), (2, 3, 2, 3, 4), (2, 3, 2, 4, 3), (2, 3, 2, 5, 5), (2, 3, 2, 6, 5), (2, 3, 2, 7, 4), (2, 3, 2, 8, 4), (2, 3, 2, 9, 5),
    (2, 3, 2, 10, 4), (2, 3, 2, 11, 5), (2, 3, 2, 12, 3), (2, 3, 2, 13, 4), (2, 3, 2, 14, 5), (2, 3, 2, 15, 4), (2, 3, 2, 16, 6), (2, 3, 2, 17, 2), (2, 3, 2, 18, 4),
    (2, 4, 2, 1, 6), (2, 4, 2, 2, 5), (2, 4, 2, 3, 6), (2, 4, 2, 4, 4), (2, 4, 2, 5, 6), (2, 4, 2, 6, 6), (2, 4, 2, 7, 4), (2, 4, 2, 8, 5), (2, 4, 2, 9, 5),
    (2, 4, 2, 10, 3), (2, 4, 2, 11, 4), (2, 4, 2, 12, 3), (2, 4, 2, 13, 4), (2, 4, 2, 14, 5), (2, 4, 2, 15, 4), (2, 4, 2, 16, 7), (2, 4, 2, 17, 4), (2, 4, 2, 18, 4),
    (2, 5, 2, 1, 3), (2, 5, 2, 2, 3), (2, 5, 2, 3, 5), (2, 5, 2, 4, 3), (2, 5, 2, 5, 4), (2, 5, 2, 6, 6), (2, 5, 2, 7, 3), (2, 5, 2, 8, 3), (2, 5, 2, 9, 3),
    (2, 5, 2, 10, 5), (2, 5, 2, 11, 4), (2, 5, 2, 12, 3), (2, 5, 2, 13, 3), (2, 5, 2, 14, 4), (2, 5, 2, 15, 3), (2, 5, 2, 16, 4), (2, 5, 2, 17, 3), (2, 5, 2, 18, 5),
    (2, 6, 2, 1, 5), (2, 6, 2, 2, 4), (2, 6, 2, 3, 5), (2, 6, 2, 4, 3), (2, 6, 2, 5, 4), (2, 6, 2, 6, 4), (2, 6, 2, 7, 3), (2, 6, 2, 8, 4), (2, 6, 2, 9, 4),
    (2, 6, 2, 10, 5), (2, 6, 2, 11, 3), (2, 6, 2, 12, 4), (2, 6, 2, 13, 5), (2, 6, 2, 14, 5), (2, 6, 2, 15, 4), (2, 6, 2, 16, 4), (2, 6, 2, 17, 4), (2, 6, 2, 18, 4),
    (2, 7, 2, 1, 4), (2, 7, 2, 2, 3), (2, 7, 2, 3, 5), (2, 7, 2, 4, 5), (2, 7, 2, 5, 5), (2, 7, 2, 6, 4), (2, 7, 2, 7, 5), (2, 7, 2, 8, 3), (2, 7, 2, 9, 4),
    (2, 7, 2, 10, 4), (2, 7, 2, 11, 4), (2, 7, 2, 12, 3), (2, 7, 2, 13, 4), (2, 7, 2, 14, 6), (2, 7, 2, 15, 5), (2, 7, 2, 16, 5), (2, 7, 2, 17, 2), (2, 7, 2, 18, 4),
    (2, 8, 2, 1, 6), (2, 8, 2, 2, 5), (2, 8, 2, 3, 7), (2, 8, 2, 4, 4), (2, 8, 2, 5, 4), (2, 8, 2, 6, 6), (2, 8, 2, 7, 4), (2, 8, 2, 8, 5), (2, 8, 2, 9, 4),
    (2, 8, 2, 10, 4), (2, 8, 2, 11, 4), (2, 8, 2, 12, 3), (2, 8, 2, 13, 4), (2, 8, 2, 14, 5), (2, 8, 2, 15, 6), (2, 8, 2, 16, 4), (2, 8, 2, 17, 5), (2, 8, 2, 18, 5),
    (2, 9, 2, 1, 5), (2, 9, 2, 2, 4), (2, 9, 2, 3, 4), (2, 9, 2, 4, 2), (2, 9, 2, 5, 4), (2, 9, 2, 6, 4), (2, 9, 2, 7, 2), (2, 9, 2, 8, 6), (2, 9, 2, 9, 4),
    (2, 9, 2, 10, 3), (2, 9, 2, 11, 4), (2, 9, 2, 12, 2), (2, 9, 2, 13, 4), (2, 9, 2, 14, 4), (2, 9, 2, 15, 4), (2, 9, 2, 16, 6), (2, 9, 2, 17, 4), (2, 9, 2, 18, 6),
    (2, 10, 2, 1, 4), (2, 10, 2, 2, 5), (2, 10, 2, 3, 6), (2, 10, 2, 4, 2), (2, 10, 2, 5, 4), (2, 10, 2, 6, 5), (2, 10, 2, 7, 4), (2, 10, 2, 8, 5), (2, 10, 2, 9, 4),
    (2, 10, 2, 10, 4), (2, 10, 2, 11, 4), (2, 10, 2, 12, 5), (2, 10, 2, 13, 4), (2, 10, 2, 14, 3), (2, 10, 2, 15, 5), (2, 10, 2, 16, 5), (2, 10, 2, 17, 3), (2, 10, 2, 18, 5),
    (2, 11, 2, 1, 5), (2, 11, 2, 2, 6), (2, 11, 2, 3, 4), (2, 11, 2, 4, 2), (2, 11, 2, 5, 6), (2, 11, 2, 6, 6), (2, 11, 2, 7, 3), (2, 11, 2, 8, 5), (2, 11, 2, 9, 5),
    (2, 11, 2, 10, 4), (2, 11, 2, 11, 4), (2, 11, 2, 12, 3), (2, 11, 2, 13, 4), (2, 11, 2, 14, 5), (2, 11, 2, 15, 4), (2, 11, 2, 16, 5), (2, 11, 2, 17, 5), (2, 11, 2, 18, 4),
    (2, 12, 2, 1, 4), (2, 12, 2, 2, 4), (2, 12, 2, 3, 6), (2, 12, 2, 4, 3), (2, 12, 2, 5, 4), (2, 12, 2, 6, 5), (2, 12, 2, 7, 2), (2, 12, 2, 8, 6), (2, 12, 2, 9, 5),
    (2, 12, 2, 10, 5), (2, 12, 2, 11, 4), (2, 12, 2, 12, 3), (2, 12, 2, 13, 3), (2, 12, 2, 14, 5), (2, 12, 2, 15, 4), (2, 12, 2, 16, 4), (2, 12, 2, 17, 3), (2, 12, 2, 18, 4),
    (2, 13, 2, 1, 5), (2, 13, 2, 2, 4), (2, 13, 2, 3, 5), (2, 13, 2, 4, 2), (2, 13, 2, 5, 4), (2, 13, 2, 6, 5), (2, 13, 2, 7, 4), (2, 13, 2, 8, 5), (2, 13, 2, 9, 4),
    (2, 13, 2, 10, 4), (2, 13, 2, 11, 4), (2, 13, 2, 12, 3), (2, 13, 2, 13, 4), (2, 13, 2, 14, 5), (2, 13, 2, 15, 5), (2, 13, 2, 16, 4), (2, 13, 2, 17, 4), (2, 13, 2, 18, 5),
    (2, 14, 2, 1, 5), (2, 14, 2, 2, 6), (2, 14, 2, 3, 5), (2, 14, 2, 4, 5), (2, 14, 2, 5, 7), (2, 14, 2, 6, 4), (2, 14, 2, 7, 4), (2, 14, 2, 8, 6), (2, 14, 2, 9, 5),
    (2, 14, 2, 10, 5), (2, 14, 2, 11, 5), (2, 14, 2, 12, 3), (2, 14, 2, 13, 6), (2, 14, 2, 14, 3), (2, 14, 2, 15, 5), (2, 14, 2, 16, 5), (2, 14, 2, 17, 4), (2, 14, 2, 18, 4),
    (2, 15, 2, 1, 4), (2, 15, 2, 2, 3), (2, 15, 2, 3, 4), (2, 15, 2, 4, 3), (2, 15, 2, 5, 4), (2, 15, 2, 6, 4), (2, 15, 2, 7, 2), (2, 15, 2, 8, 5), (2, 15, 2, 9, 5),
    (2, 15, 2, 10, 4), (2, 15, 2, 11, 5), (2, 15, 2, 12, 3), (2, 15, 2, 13, 3), (2, 15, 2, 14, 3), (2, 15, 2, 15, 5), (2, 15, 2, 16, 4), (2, 15, 2, 17, 2), (2, 15, 2, 18, 3),
    (2, 16, 2, 1, 4), (2, 16, 2, 2, 5), (2, 16, 2, 3, 3), (2, 16, 2, 4, 5), (2, 16, 2, 5, 6), (2, 16, 2, 6, 4), (2, 16, 2, 7, 3), (2, 16, 2, 8, 3), (2, 16, 2, 9, 4),
    (2, 16, 2, 10, 4), (2, 16, 2, 11, 5), (2, 16, 2, 12, 3), (2, 16, 2, 13, 4), (2, 16, 2, 14, 5), (2, 16, 2, 15, 5), (2, 16, 2, 16, 4), (2, 16, 2, 17, 3), (2, 16, 2, 18, 4),
    (2, 17, 2, 1, 4), (2, 17, 2, 2, 5), (2, 17, 2, 3, 6), (2, 17, 2, 4, 2), (2, 17, 2, 5, 6), (2, 17, 2, 6, 6), (2, 17, 2, 7, 4), (2, 17, 2, 8, 4), (2, 17, 2, 9, 6),
    (2, 17, 2, 10, 5), (2, 17, 2, 11, 4), (2, 17, 2, 12, 2), (2, 17, 2, 13, 4), (2, 17, 2, 14, 5), (2, 17, 2, 15, 3), (2, 17, 2, 16, 6), (2, 17, 2, 17, 4), (2, 17, 2, 18, 4),
    (2, 18, 2, 1, 5), (2, 18, 2, 2, 5), (2, 18, 2, 3, 3), (2, 18, 2, 4, 3), (2, 18, 2, 5, 5), (2, 18, 2, 6, 5), (2, 18, 2, 7, 3), (2, 18, 2, 8, 3), (2, 18, 2, 9, 5),
    (2, 18, 2, 10, 4), (2, 18, 2, 11, 6), (2, 18, 2, 12, 4), (2, 18, 2, 13, 4), (2, 18, 2, 14, 5), (2, 18, 2, 15, 5), (2, 18, 2, 16, 5), (2, 18, 2, 17, 3), (2, 18, 2, 18, 6),
    (2, 19, 2, 1, 4), (2, 19, 2, 2, 5), (2, 19, 2, 3, 6), (2, 19, 2, 4, 5), (2, 19, 2, 5, 3), (2, 19, 2, 6, 3), (2, 19, 2, 7, 3), (2, 19, 2, 8, 5), (2, 19, 2, 9, 3),
    (2, 19, 2, 10, 5), (2, 19, 2, 11, 5), (2, 19, 2, 12, 4), (2, 19, 2, 13, 3), (2, 19, 2, 14, 4), (2, 19, 2, 15, 5), (2, 19, 2, 16, 4), (2, 19, 2, 17, 2), (2, 19, 2, 18, 4),
    (2, 20, 2, 1, 4), (2, 20, 2, 2, 4), (2, 20, 2, 3, 7), (2, 20, 2, 4, 5), (2, 20, 2, 5, 3), (2, 20, 2, 6, 6), (2, 20, 2, 7, 4), (2, 20, 2, 8, 6), (2, 20, 2, 9, 5),
    (2, 20, 2, 10, 4), (2, 20, 2, 11, 4), (2, 20, 2, 12, 4), (2, 20, 2, 13, 5), (2, 20, 2, 14, 4), (2, 20, 2, 15, 3), (2, 20, 2, 16, 6), (2, 20, 2, 17, 5), (2, 20, 2, 18, 4),

    (3, 1, 3, 1, 3), (3, 1, 3, 2, 3), (3, 1, 3, 3, 3), (3, 1, 3, 4, 2), (3, 1, 3, 5, 3), (3, 1, 3, 6, 3), (3, 1, 3, 7, 4), (3, 1, 3, 8, 3), (3, 1, 3, 9, 3),
    (3, 2, 3, 1, 4), (3, 2, 3, 2, 3), (3, 2, 3, 3, 4), (3, 2, 3, 4, 3), (3, 2, 3, 5, 3), (3, 2, 3, 6, 4), (3, 2, 3, 7, 4), (3, 2, 3, 8, 4), (3, 2, 3, 9, 4),
    (3, 3, 3, 1, 3), (3, 3, 3, 2, 3), (3, 3, 3, 3, 3), (3, 3, 3, 4, 3), (3, 3, 3, 5, 2), (3, 3, 3, 6, 3), (3, 3, 3, 7, 4), (3, 3, 3, 8, 4), (3, 3, 3, 9, 4),
    (3, 4, 3, 1, 4), (3, 4, 3, 2, 4), (3, 4, 3, 3, 4), (3, 4, 3, 4, 4), (3, 4, 3, 5, 3), (3, 4, 3, 6, 4), (3, 4, 3, 7, 5), (3, 4, 3, 8, 4), (3, 4, 3, 9, 4),
    (3, 5, 3, 1, 3), (3, 5, 3, 2, 2), (3, 5, 3, 3, 3), (3, 5, 3, 4, 3), (3, 5, 3, 5, 2), (3, 5, 3, 6, 3), (3, 5, 3, 7, 3), (3, 5, 3, 8, 3), (3, 5, 3, 9, 4),
    (3, 6, 3, 1, 4), (3, 6, 3, 2, 3), (3, 6, 3, 3, 4), (3, 6, 3, 4, 4), (3, 6, 3, 5, 3), (3, 6, 3, 6, 4), (3, 6, 3, 7, 4), (3, 6, 3, 8, 4), (3, 6, 3, 9, 4),
    (3, 7, 3, 1, 3), (3, 7, 3, 2, 3), (3, 7, 3, 3, 3), (3, 7, 3, 4, 3), (3, 7, 3, 5, 3), (3, 7, 3, 6, 4), (3, 7, 3, 7, 4), (3, 7, 3, 8, 4), (3, 7, 3, 9, 4),
    (3, 8, 3, 1, 4), (3, 8, 3, 2, 4), (3, 8, 3, 3, 5), (3, 8, 3, 4, 4), (3, 8, 3, 5, 4), (3, 8, 3, 6, 4), (3, 8, 3, 7, 5), (3, 8, 3, 8, 4), (3, 8, 3, 9, 4),
    (3, 9, 3, 1, 2), (3, 9, 3, 2, 3), (3, 9, 3, 3, 3), (3, 9, 3, 4, 2), (3, 9, 3, 5, 3), (3, 9, 3, 6, 3), (3, 9, 3, 7, 2), (3, 9, 3, 8, 3), (3, 9, 3, 9, 4),
    (3, 10, 3, 1, 3), (3, 10, 3, 2, 4), (3, 10, 3, 3, 3), (3, 10, 3, 4, 3), (3, 10, 3, 5, 3), (3, 10, 3, 6, 4), (3, 10, 3, 7, 4), (3, 10, 3, 8, 4), (3, 10, 3, 9, 4),
    (3, 11, 3, 1, 3), (3, 11, 3, 2, 3), (3, 11, 3, 3, 3), (3, 11, 3, 4, 3), (3, 11, 3, 5, 3), (3, 11, 3, 6, 3), (3, 11, 3, 7, 3), (3, 11, 3, 8, 4), (3, 11, 3, 9, 3),
    (3, 12, 3, 1, 4), (3, 12, 3, 2, 4), (3, 12, 3, 3, 4), (3, 12, 3, 4, 3), (3, 12, 3, 5, 4), (3, 12, 3, 6, 4), (3, 12, 3, 7, 4), (3, 12, 3, 8, 4), (3, 12, 3, 9, 4),
    (3, 13, 3, 1, 3), (3, 13, 3, 2, 3), (3, 13, 3, 3, 3), (3, 13, 3, 4, 3), (3, 13, 3, 5, 3), (3, 13, 3, 6, 3), (3, 13, 3, 7, 4), (3, 13, 3, 8, 4), (3, 13, 3, 9, 3),
    (3, 14, 3, 1, 4), (3, 14, 3, 2, 4), (3, 14, 3, 3, 4), (3, 14, 3, 4, 4), (3, 14, 3, 5, 4), (3, 14, 3, 6, 4), (3, 14, 3, 7, 5), (3, 14, 3, 8, 4), (3, 14, 3, 9, 4),
    (3, 15, 3, 1, 3), (3, 15, 3, 2, 3), (3, 15, 3, 3, 2), (3, 15, 3, 4, 3), (3, 15, 3, 5, 2), (3, 15, 3, 6, 3), (3, 15, 3, 7, 3), (3, 15, 3, 8, 3), (3, 15, 3, 9, 4),
    (3, 16, 3, 1, 4), (3, 16, 3, 2, 3), (3, 16, 3, 3, 4), (3, 16, 3, 4, 3), (3, 16, 3, 5, 4), (3, 16, 3, 6, 4), (3, 16, 3, 7, 4), (3, 16, 3, 8, 4), (3, 16, 3, 9, 4),
    (3, 17, 3, 1, 3), (3, 17, 3, 2, 3), (3, 17, 3, 3, 3), (3, 17, 3, 4, 3), (3, 17, 3, 5, 3), (3, 17, 3, 6, 4), (3, 17, 3, 7, 4), (3, 17, 3, 8, 4), (3, 17, 3, 9, 3),
    (3, 18, 3, 1, 5), (3, 18, 3, 2, 4), (3, 18, 3, 3, 5), (3, 18, 3, 4, 4), (3, 18, 3, 5, 4), (3, 18, 3, 6, 4), (3, 18, 3, 7, 5), (3, 18, 3, 8, 5), (3, 18, 3, 9, 5),
    (3, 19, 3, 1, 2), (3, 19, 3, 2, 2), (3, 19, 3, 3, 3), (3, 19, 3, 4, 2), (3, 19, 3, 5, 2), (3, 19, 3, 6, 3), (3, 19, 3, 7, 3), (3, 19, 3, 8, 3), (3, 19, 3, 9, 4),
    (3, 20, 3, 1, 3), (3, 20, 3, 2, 3), (3, 20, 3, 3, 3), (3, 20, 3, 4, 3), (3, 20, 3, 5, 3), (3, 20, 3, 6, 4), (3, 20, 3, 7, 4), (3, 20, 3, 8, 4), (3, 20, 3, 9, 4),

    (4, 1, 4, 1, 4), (4, 1, 4, 2, 5), (4, 1, 4, 3, 5), (4, 1, 4, 4, 4), (4, 1, 4, 5, 6), (4, 1, 4, 6, 5), (4, 1, 4, 7, 6), (4, 1, 4, 8, 3), (4, 1, 4, 9, 5),
    (4, 1, 4, 10, 6), (4, 1, 4, 11, 4), (4, 1, 4, 12, 5), (4, 1, 4, 13, 5), (4, 1, 4, 14, 6), (4, 1, 4, 15, 4), (4, 1, 4, 16, 4), (4, 1, 4, 17, 3), (4, 1, 4, 18, 4),
    (4, 2, 4, 1, 4), (4, 2, 4, 2, 5), (4, 2, 4, 3, 4), (4, 2, 4, 4, 5), (4, 2, 4, 5, 7), (4, 2, 4, 6, 5), (4, 2, 4, 7, 4), (4, 2, 4, 8, 3), (4, 2, 4, 9, 7),
    (4, 2, 4, 10, 7), (4, 2, 4, 11, 4), (4, 2, 4, 12, 6), (4, 2, 4, 13, 4), (4, 2, 4, 14, 6), (4, 2, 4, 15, 6), (4, 2, 4, 16, 4), (4, 2, 4, 17, 6), (4, 2, 4, 18, 5),
    (4, 3, 4, 1, 6), (4, 3, 4, 2, 3), (4, 3, 4, 3, 7), (4, 3, 4, 4, 6), (4, 3, 4, 5, 6), (4, 3, 4, 6, 3), (4, 3, 4, 7, 4), (4, 3, 4, 8, 4), (4, 3, 4, 9, 4),
    (4, 3, 4, 10, 4), (4, 3, 4, 11, 3), (4, 3, 4, 12, 5), (4, 3, 4, 13, 5), (4, 3, 4, 14, 6), (4, 3, 4, 15, 4), (4, 3, 4, 16, 5), (4, 3, 4, 17, 4), (4, 3, 4, 18, 6),
    (4, 4, 4, 1, 5), (4, 4, 4, 2, 5), (4, 4, 4, 3, 5), (4, 4, 4, 4, 5), (4, 4, 4, 5, 6), (4, 4, 4, 6, 5), (4, 4, 4, 7, 4), (4, 4, 4, 8, 4), (4, 4, 4, 9, 6),
    (4, 4, 4, 10, 6), (4, 4, 4, 11, 6), (4, 4, 4, 12, 6), (4, 4, 4, 13, 6), (4, 4, 4, 14, 3), (4, 4, 4, 15, 5), (4, 4, 4, 16, 7), (4, 4, 4, 17, 6), (4, 4, 4, 18, 6),
    (4, 5, 4, 1, 4), (4, 5, 4, 2, 4), (4, 5, 4, 3, 3), (4, 5, 4, 4, 5), (4, 5, 4, 5, 3), (4, 5, 4, 6, 4), (4, 5, 4, 7, 4), (4, 5, 4, 8, 3), (4, 5, 4, 9, 6),
    (4, 5, 4, 10, 4), (4, 5, 4, 11, 4), (4, 5, 4, 12, 5), (4, 5, 4, 13, 5), (4, 5, 4, 14, 7), (4, 5, 4, 15, 4), (4, 5, 4, 16, 4), (4, 5, 4, 17, 6), (4, 5, 4, 18, 5),
    (4, 6, 4, 1, 6), (4, 6, 4, 2, 4), (4, 6, 4, 3, 4), (4, 6, 4, 4, 6), (4, 6, 4, 5, 4), (4, 6, 4, 6, 6), (4, 6, 4, 7, 4), (4, 6, 4, 8, 2), (4, 6, 4, 9, 4),
    (4, 6, 4, 10, 5), (4, 6, 4, 11, 3), (4, 6, 4, 12, 5), (4, 6, 4, 13, 6), (4, 6, 4, 14, 6), (4, 6, 4, 15, 5), (4, 6, 4, 16, 6), (4, 6, 4, 17, 6), (4, 6, 4, 18, 6),
    (4, 7, 4, 1, 6), (4, 7, 4, 2, 6), (4, 7, 4, 3, 5), (4, 7, 4, 4, 5), (4, 7, 4, 5, 3), (4, 7, 4, 6, 7), (4, 7, 4, 7, 5), (4, 7, 4, 8, 4), (4, 7, 4, 9, 5),
    (4, 7, 4, 10, 5), (4, 7, 4, 11, 4), (4, 7, 4, 12, 5), (4, 7, 4, 13, 6), (4, 7, 4, 14, 6), (4, 7, 4, 15, 6), (4, 7, 4, 16, 4), (4, 7, 4, 17, 4), (4, 7, 4, 18, 5),
    (4, 8, 4, 1, 5), (4, 8, 4, 2, 6), (4, 8, 4, 3, 6), (4, 8, 4, 4, 5), (4, 8, 4, 5, 7), (4, 8, 4, 6, 5), (4, 8, 4, 7, 7), (4, 8, 4, 8, 5), (4, 8, 4, 9, 7),
    (4, 8, 4, 10, 4), (4, 8, 4, 11, 4), (4, 8, 4, 12, 5), (4, 8, 4, 13, 6), (4, 8, 4, 14, 4), (4, 8, 4, 15, 5), (4, 8, 4, 16, 6), (4, 8, 4, 17, 7), (4, 8, 4, 18, 6),
    (4, 9, 4, 1, 5), (4, 9, 4, 2, 5), (4, 9, 4, 3, 5), (4, 9, 4, 4, 5), (4, 9, 4, 5, 5), (4, 9, 4, 6, 4), (4, 9, 4, 7, 5), (4, 9, 4, 8, 5), (4, 9, 4, 9, 4),
    (4, 9, 4, 10, 5), (4, 9, 4, 11, 3), (4, 9, 4, 12, 3), (4, 9, 4, 13, 4), (4, 9, 4, 14, 5), (4, 9, 4, 15, 6), (4, 9, 4, 16, 3), (4, 9, 4, 17, 5), (4, 9, 4, 18, 4),
    (4, 10, 4, 1, 4), (4, 10, 4, 2, 5), (4, 10, 4, 3, 5), (4, 10, 4, 4, 7), (4, 10, 4, 5, 6), (4, 10, 4, 6, 5), (4, 10, 4, 7, 4), (4, 10, 4, 8, 3), (4, 10, 4, 9, 5),
    (4, 10, 4, 10, 6), (4, 10, 4, 11, 3), (4, 10, 4, 12, 5), (4, 10, 4, 13, 5), (4, 10, 4, 14, 6), (4, 10, 4, 15, 6), (4, 10, 4, 16, 4), (4, 10, 4, 17, 5), (4, 10, 4, 18, 6),
    (4, 11, 4, 1, 6), (4, 11, 4, 2, 6), (4, 11, 4, 3, 4), (4, 11, 4, 4, 5), (4, 11, 4, 5, 5), (4, 11, 4, 6, 7), (4, 11, 4, 7, 7), (4, 11, 4, 8, 4), (4, 11, 4, 9, 5),
    (4, 11, 4, 10, 6), (4, 11, 4, 11, 4), (4, 11, 4, 12, 4), (4, 11, 4, 13, 5), (4, 11, 4, 14, 6), (4, 11, 4, 15, 4), (4, 11, 4, 16, 5), (4, 11, 4, 17, 6), (4, 11, 4, 18, 4),
    (4, 12, 4, 1, 4), (4, 12, 4, 2, 5), (4, 12, 4, 3, 4), (4, 12, 4, 4, 4), (4, 12, 4, 5, 5), (4, 12, 4, 6, 7), (4, 12, 4, 7, 6), (4, 12, 4, 8, 4), (4, 12, 4, 9, 4),
    (4, 12, 4, 10, 5), (4, 12, 4, 11, 6), (4, 12, 4, 12, 4), (4, 12, 4, 13, 6), (4, 12, 4, 14, 5), (4, 12, 4, 15, 6), (4, 12, 4, 16, 5), (4, 12, 4, 17, 5), (4, 12, 4, 18, 7),
    (4, 13, 4, 1, 5), (4, 13, 4, 2, 5), (4, 13, 4, 3, 5), (4, 13, 4, 4, 5), (4, 13, 4, 5, 7), (4, 13, 4, 6, 5), (4, 13, 4, 7, 5), (4, 13, 4, 8, 5), (4, 13, 4, 9, 6),
    (4, 13, 4, 10, 5), (4, 13, 4, 11, 4), (4, 13, 4, 12, 4), (4, 13, 4, 13, 4), (4, 13, 4, 14, 6), (4, 13, 4, 15, 5), (4, 13, 4, 16, 3), (4, 13, 4, 17, 6), (4, 13, 4, 18, 5),
    (4, 14, 4, 1, 4), (4, 14, 4, 2, 4), (4, 14, 4, 3, 6), (4, 14, 4, 4, 5), (4, 14, 4, 5, 6), (4, 14, 4, 6, 6), (4, 14, 4, 7, 6), (4, 14, 4, 8, 6), (4, 14, 4, 9, 6),
    (4, 14, 4, 10, 4), (4, 14, 4, 11, 3), (4, 14, 4, 12, 5), (4, 14, 4, 13, 7), (4, 14, 4, 14, 3), (4, 14, 4, 15, 4), (4, 14, 4, 16, 6), (4, 14, 4, 17, 5), (4, 14, 4, 18, 6),
    (4, 15, 4, 1, 4), (4, 15, 4, 2, 5), (4, 15, 4, 3, 5), (4, 15, 4, 4, 7), (4, 15, 4, 5, 5), (4, 15, 4, 6, 4), (4, 15, 4, 7, 3), (4, 15, 4, 8, 5), (4, 15, 4, 9, 5),
    (4, 15, 4, 10, 5), (4, 15, 4, 11, 2), (4, 15, 4, 12, 7), (4, 15, 4, 13, 3), (4, 15, 4, 14, 6), (4, 15, 4, 15, 4), (4, 15, 4, 16, 5), (4, 15, 4, 17, 5), (4, 15, 4, 18, 4),
    (4, 16, 4, 1, 6), (4, 16, 4, 2, 6), (4, 16, 4, 3, 6), (4, 16, 4, 4, 6), (4, 16, 4, 5, 5), (4, 16, 4, 6, 6), (4, 16, 4, 7, 4), (4, 16, 4, 8, 4), (4, 16, 4, 9, 4),
    (4, 16, 4, 10, 6), (4, 16, 4, 11, 5), (4, 16, 4, 12, 5), (4, 16, 4, 13, 5), (4, 16, 4, 14, 5), (4, 16, 4, 15, 5), (4, 16, 4, 16, 4), (4, 16, 4, 17, 6), (4, 16, 4, 18, 3),
    (4, 17, 4, 1, 5), (4, 17, 4, 2, 6), (4, 17, 4, 3, 5), (4, 17, 4, 4, 6), (4, 17, 4, 5, 7), (4, 17, 4, 6, 3), (4, 17, 4, 7, 6), (4, 17, 4, 8, 4), (4, 17, 4, 9, 4),
    (4, 17, 4, 10, 7), (4, 17, 4, 11, 3), (4, 17, 4, 12, 4), (4, 17, 4, 13, 5), (4, 17, 4, 14, 5), (4, 17, 4, 15, 4), (4, 17, 4, 16, 5), (4, 17, 4, 17, 5), (4, 17, 4, 18, 6),
    (4, 18, 4, 1, 4), (4, 18, 4, 2, 6), (4, 18, 4, 3, 5), (4, 18, 4, 4, 4), (4, 18, 4, 5, 5), (4, 18, 4, 6, 5), (4, 18, 4, 7, 4), (4, 18, 4, 8, 5), (4, 18, 4, 9, 6),
    (4, 18, 4, 10, 5), (4, 18, 4, 11, 6), (4, 18, 4, 12, 4), (4, 18, 4, 13, 5), (4, 18, 4, 14, 7), (4, 18, 4, 15, 6), (4, 18, 4, 16, 6), (4, 18, 4, 17, 5), (4, 18, 4, 18, 6),
    (4, 19, 4, 1, 4), (4, 19, 4, 2, 5), (4, 19, 4, 3, 6), (4, 19, 4, 4, 4), (4, 19, 4, 5, 5), (4, 19, 4, 6, 5), (4, 19, 4, 7, 4), (4, 19, 4, 8, 2), (4, 19, 4, 9, 3),
    (4, 19, 4, 10, 4), (4, 19, 4, 11, 4), (4, 19, 4, 12, 4), (4, 19, 4, 13, 5), (4, 19, 4, 14, 4), (4, 19, 4, 15, 5), (4, 19, 4, 16, 3), (4, 19, 4, 17, 5), (4, 19, 4, 18, 5),
    (4, 20, 4, 1, 4), (4, 20, 4, 2, 6), (4, 20, 4, 3, 5), (4, 20, 4, 4, 6), (4, 20, 4, 5, 6), (4, 20, 4, 6, 7), (4, 20, 4, 7, 3), (4, 20, 4, 8, 3), (4, 20, 4, 9, 5),
    (4, 20, 4, 10, 4), (4, 20, 4, 11, 4), (4, 20, 4, 12, 7), (4, 20, 4, 13, 5), (4, 20, 4, 14, 5), (4, 20, 4, 15, 5), (4, 20, 4, 16, 7), (4, 20, 4, 17, 7), (4, 20, 4, 18, 3);
